airline,no,orig,dest,duration,distance,price
AA,1,JFK,LAX,393,2475,1782.0
AA,2,LAX,JFK,330,2475,1650.0
AA,3,JFK,LAX,383,2475,660.0
AA,4,LAX,JFK,329,2475,462.0
AA,10,LAX,JFK,317,2475,1980.0
AA,15,JFK,SFO,400,2586,482.72
AA,16,SFO,JFK,345,2586,1792.96
AA,24,LAX,JFK,332,2475,660.0
AA,28,LAX,JFK,324,2475,462.0
AA,29,MIA,BOS,190,1258,637.39
AA,32,LAX,JFK,320,2475,858.0
AA,33,JFK,LAX,401,2475,1254.0
AA,34,DFW,LAS,180,1055,731.47
AA,42,JFK,LAX,398,2475,858.0
AA,52,ORD,JFK,135,740,572.27
AA,53,JFK,LAX,393,2475,1716.0
AA,54,MIA,LAS,336,2174,985.55
AA,65,DFW,BOS,209,1562,1207.95
AA,74,LAS,DFW,163,1055,590.8
AA,75,DFW,SFO,237,1464,1132.16
AA,76,JFK,SFO,404,2586,1517.12
AA,84,DFW,LAX,206,1235,889.2
AA,88,BOS,ORD,184,867,578.0
AA,99,LAX,DFW,179,1235,197.6
AA,117,JFK,LAX,391,2475,1122.0
AA,118,LAX,JFK,329,2475,924.0
AA,120,LAX,DFW,182,1235,757.47
AA,121,LAX,DFW,182,1235,197.6
AA,132,BOS,DFW,279,1562,374.88
AA,133,JFK,LAX,392,2475,924.0
AA,139,DFW,SFO,234,1464,780.8
AA,140,BOS,ORD,177,867,439.28
AA,142,LAS,MIA,279,2174,1739.2
AA,145,MIA,ORD,201,1197,223.44
AA,149,DFW,ORD,145,801,640.8
AA,152,DFW,SFO,232,1464,1171.2
AA,160,ORD,MIA,190,1197,319.2
AA,164,SFO,JFK,336,2586,1999.84
AA,166,SFO,JFK,333,2586,482.72
AA,167,LAX,BOS,335,2611,974.77
AA,168,LAS,ORD,220,1514,1009.33
AA,171,JFK,LAX,397,2475,924.0
AA,179,JFK,SFO,401,2586,827.52
AA,184,LAX,JFK,318,2475,1650.0
AA,185,JFK,LAX,396,2475,1650.0
AA,197,BOS,JFK,86,187,34.91
AA,211,BOS,LAX,418,2611,1114.03
AA,221,LAX,ORD,256,1744,790.61
AA,222,BOS,LAX,415,2611,1740.67
AA,223,DFW,LAS,183,1055,759.6
AA,226,MIA,DFW,197,1121,567.97
AA,231,JFK,LAS,367,2248,1618.56
AA,234,SFO,JFK,335,2586,689.6
AA,238,LAX,JFK,329,2475,1386.0
AA,241,BOS,LAX,417,2611,1879.92
AA,243,JFK,MIA,213,1089,813.12
AA,245,ORD,LAX,278,1744,837.12
AA,251,MIA,JFK,171,1089,406.56
AA,255,JFK,LAX,384,2475,1386.0
AA,256,LAX,ORD,256,1744,418.56
AA,259,BOS,ORD,181,867,439.28
AA,272,ORD,JFK,128,740,374.93
AA,274,LAX,JFK,330,2475,1452.0
AA,276,SFO,JFK,332,2586,965.44
AA,277,JFK,ORD,168,740,256.53
AA,282,MIA,LAX,348,2342,1498.88
AA,285,LAX,SFO,87,337,197.71
AA,292,LAX,JFK,330,2475,528.0
AA,296,LAX,ORD,249,1744,372.05
AA,300,JFK,LAX,393,2475,1386.0
AA,302,JFK,LAX,393,2475,858.0
AA,304,DFW,JFK,207,1391,704.77
AA,305,MIA,SEA,428,2724,726.4
AA,307,LAX,JFK,325,2475,462.0
AA,309,LAS,JFK,290,2248,1258.88
AA,312,BOS,MIA,230,1258,637.39
AA,314,LAX,MIA,294,2342,1061.71
AA,321,MIA,LAS,332,2174,1681.23
AA,325,LAX,SFO,87,337,251.63
AA,326,LAS,ORD,219,1514,565.23
AA,328,ORD,DFW,156,801,363.12
AA,331,JFK,LAX,380,2475,660.0
AA,335,MIA,ORD,202,1197,255.36
AA,338,BOS,LAX,398,2611,1322.91
AA,339,DFW,BOS,209,1562,874.72
AA,340,LAX,MIA,298,2342,749.44
AA,341,JFK,LAX,381,2475,528.0
AA,343,SFO,MIA,327,2585,1999.07
AA,359,BOS,DFW,277,1562,916.37
AA,362,LAX,ORD,251,1744,1162.67
AA,365,JFK,ORD,170,740,177.6
AA,366,LAX,DFW,183,1235,296.4
AA,368,DFW,SEA,262,1660,1328.0
AA,1368,LAS,MIA,282,2174,579.73
AA,1370,BOS,ORD,184,867,277.44
AA,1375,ORD,LAX,270,1744,465.07
AA,1380,LAX,ORD,251,1744,651.09
AA,1383,LAX,DFW,173,1235,428.13
AA,1384,LAX,ORD,255,1744,976.64
AA,1398,DFW,LAX,212,1235,790.4
AA,1399,ORD,BOS,129,867,601.12
AA,1401,DFW,LAS,185,1055,787.73
AA,1405,DFW,LAX,220,1235,461.07
AA,1407,DFW,LAX,214,1235,955.07
AA,1408,ORD,DFW,148,801,106.8
AA,1411,ORD,MIA,188,1197,670.32
AA,1413,DFW,LAX,208,1235,559.87
AA,1414,JFK,ORD,178,740,98.67
AA,1418,BOS,MIA,231,1258,637.39
AA,1427,BOS,ORD,183,867,601.12
AA,1428,DFW,SFO,236,1464,1171.2
AA,1430,DFW,SFO,242,1464,1132.16
AA,1438,ORD,MIA,187,1197,478.8
AA,1439,MIA,LAX,354,2342,1249.07
AA,1440,LAX,MIA,295,2342,936.8
AA,1454,LAX,SFO,88,337,71.89
AA,1456,DFW,BOS,212,1562,666.45
AA,1463,DFW,ORD,147,801,384.48
AA,1470,ORD,SFO,290,1846,246.13
AA,1471,SEA,MIA,338,2724,363.2
AA,1473,LAX,MIA,293,2342,1436.43
AA,1476,BOS,MIA,229,1258,704.48
AA,1485,ORD,SEA,281,1721,1376.8
AA,1495,MIA,ORD,206,1197,574.56
AA,1497,DFW,BOS,209,1562,1207.95
AA,1509,BOS,ORD,194,867,531.76
AA,1535,DFW,SFO,239,1464,936.96
AA,1540,SEA,ORD,241,1721,1330.91
AA,1555,LAS,LAX,77,236,31.47
AA,1571,JFK,MIA,192,1089,842.16
AA,1610,JFK,MIA,201,1089,174.24
AA,2526,LAS,DFW,156,1055,844.0
AA,2527,BOS,DFW,283,1562,1124.64
AA,2530,LAS,LAX,85,236,62.93
AA,2533,LAX,SFO,89,337,98.85
AA,2534,DFW,ORD,140,801,363.12
AA,2537,ORD,SFO,291,1846,886.08
AA,2539,MIA,BOS,191,1258,469.65
AA,2541,DFW,MIA,168,1121,837.01
AA,2542,BOS,LAX,411,2611,626.64
AA,2543,LAX,DFW,177,1235,922.13
AA,2546,DFW,LAX,208,1235,889.2
AA,2548,SFO,MIA,317,2585,1378.67
AA,2550,DFW,MIA,169,1121,388.61
AA,2551,DFW,JFK,209,1391,519.31
AA,2552,MIA,ORD,205,1197,829.92
AA,2567,DFW,MIA,161,1121,448.4
AA,2572,JFK,MIA,194,1089,203.28
AA,2575,MIA,DFW,194,1121,896.8
AA,2579,DFW,BOS,208,1562,583.15
AA,2597,BOS,ORD,184,867,462.4
AA,2600,BOS,DFW,283,1562,1041.33
AA,2609,DFW,LAS,176,1055,393.87
AA,2611,ORD,LAX,271,1744,837.12
AA,2614,SFO,ORD,262,1846,295.36
AA,2622,LAX,DFW,184,1235,362.27
AA,2623,BOS,MIA,228,1258,939.31
AA,2631,DFW,ORD,138,801,277.68
AA,2634,ORD,SFO,295,1846,1329.12
AA,2639,ORD,SFO,287,1846,492.27
AA,2643,ORD,DFW,161,801,640.8
AA,2644,DFW,LAS,174,1055,844.0
AA,2649,DFW,LAS,184,1055,422.0
AA,2652,JFK,SFO,407,2586,1655.04
AA,2655,MIA,DFW,191,1121,298.93
AA,2668,DFW,ORD,141,801,320.4
AA,2682,ORD,BOS,133,867,508.64
AA,2683,DFW,SFO,233,1464,819.84
AA,2688,MIA,SFO,390,2585,1723.33
AA,2691,SFO,ORD,267,1846,1329.12
AA,2715,ORD,LAX,278,1744,372.05
AA,2719,MIA,DFW,190,1121,567.97
AA,2720,DFW,MIA,160,1121,508.19
AA,2723,ORD,BOS,132,867,554.88
AA,2730,BOS,DFW,274,1562,749.76
AA,2733,LAX,DFW,177,1235,362.27
AA,2738,ORD,DFW,147,801,534.0
AA,2744,ORD,LAX,270,1744,372.05
AA,2747,BOS,DFW,272,1562,1249.6
AA,2754,DFW,ORD,135,801,256.32
AA,2755,DFW,SEA,272,1660,1328.0
AA,2768,SEA,JFK,327,2422,645.87
AA,2775,LAS,ORD,222,1514,807.47
AA,2776,LAX,ORD,245,1744,232.53
AA,2785,LAX,LAS,72,236,169.92
AA,2786,JFK,DFW,256,1391,593.49
AA,2796,MIA,ORD,201,1197,223.44
AA,2798,ORD,SFO,291,1846,1378.35
AA,2808,MIA,DFW,200,1121,179.36
AA,2811,LAX,DFW,187,1235,559.87
AA,2812,DFW,ORD,143,801,555.36
AA,671,DFW,LAS,176,1055,478.27
AA,751,DFW,SEA,268,1660,885.33
AA,770,DFW,LAS,176,1055,140.67
AA,786,DFW,ORD,133,801,598.08
AA,795,BOS,ORD,182,867,693.6
AA,2346,ORD,DFW,154,801,619.44
AA,2349,LAS,MIA,279,2174,869.6
AA,2354,DFW,LAX,210,1235,922.13
AA,2358,DFW,LAX,204,1235,658.67
AA,2364,ORD,LAX,271,1744,1302.19
AA,2374,SFO,DFW,212,1464,390.4
AA,2383,JFK,MIA,204,1089,319.44
AA,2384,ORD,BOS,134,867,601.12
AA,2386,DFW,MIA,167,1121,298.93
AA,2387,BOS,ORD,177,867,323.68
AA,2394,DFW,JFK,213,1391,222.56
AA,2407,LAS,ORD,223,1514,1049.71
AA,2412,ORD,DFW,159,801,277.68
AA,2418,DFW,ORD,143,801,341.76
AA,2421,MIA,SFO,386,2585,1723.33
AA,2423,DFW,JFK,212,1391,593.49
AA,2424,DFW,LAX,216,1235,790.4
AA,2428,ORD,DFW,161,801,234.96
AA,2429,ORD,DFW,152,801,170.88
AA,2431,LAX,ORD,245,1744,744.11
AA,2437,DFW,LAX,201,1235,856.27
AA,2452,LAX,ORD,252,1744,697.6
AA,2455,LAX,BOS,324,2611,1810.29
AA,2456,ORD,LAS,250,1514,767.09
AA,2457,MIA,ORD,199,1197,478.8
AA,2459,DFW,LAX,201,1235,691.6
AA,2460,LAX,DFW,185,1235,164.67
AA,2464,ORD,LAS,244,1514,403.73
AA,2465,ORD,LAS,243,1514,1049.71
AA,2469,MIA,DFW,202,1121,269.04
AA,2473,SEA,DFW,221,1660,752.53
AA,2484,LAX,DFW,177,1235,329.33
AA,2498,ORD,MIA,193,1197,574.56
AA,2501,ORD,DFW,153,801,555.36
AA,2507,ORD,MIA,194,1197,734.16
AA,2519,DFW,MIA,162,1121,269.04
AA,2520,DFW,ORD,136,801,149.52
AA,2817,DFW,ORD,138,801,427.2
WN,1761,LAS,LAX,80,236,151.04
WN,2654,LAS,LAX,75,236,56.64
WN,2988,LAS,LAX,70,236,88.11
WN,3395,LAS,LAX,75,236,188.8
WN,3474,LAS,LAX,75,236,169.92
WN,3500,LAS,LAX,80,236,144.75
WN,4449,LAS,LAX,75,236,37.76
WN,4812,LAS,LAX,75,236,56.64
WN,2751,LAS,SEA,165,867,393.04
WN,5005,LAS,SEA,165,867,369.92
WN,2385,LAS,SFO,100,414,110.4
WN,3859,LAS,SFO,95,414,77.28
WN,4699,LAS,SFO,100,414,309.12
WN,4736,LAS,SFO,95,414,276.0
WN,4783,LAS,SFO,100,414,77.28
WN,2669,LAX,LAS,75,236,113.28
WN,3265,LAX,LAS,75,236,94.4
WN,3603,LAX,LAS,70,236,62.93
WN,3743,LAX,LAS,70,236,81.81
WN,4664,LAX,LAS,80,236,37.76
WN,4832,LAX,LAS,70,236,151.04
WN,5447,LAX,LAS,65,236,88.11
WN,6511,LAX,LAS,70,236,119.57
WN,2617,LAX,SFO,90,337,107.84
WN,3582,LAX,SFO,85,337,215.68
WN,3622,LAX,SFO,90,337,107.84
WN,5395,LAX,SFO,90,337,269.6
WN,3145,SEA,LAS,145,867,416.16
WN,4638,SEA,LAS,145,867,601.12
WN,2485,SFO,LAS,100,414,253.92
WN,2532,SFO,LAS,105,414,187.68
WN,2565,SFO,LAS,95,414,77.28
WN,4689,SFO,LAS,95,414,287.04
WN,5203,SFO,LAS,100,414,276.0
WN,2677,SFO,LAX,95,337,62.91
WN,3465,SFO,LAX,95,337,269.6
WN,154,LAS,LAX,85,236,113.28
WN,775,LAS,LAX,75,236,125.87
WN,778,LAS,LAX,80,236,138.45
WN,839,LAS,LAX,70,236,75.52
WN,1036,LAS,LAX,75,236,169.92
WN,1303,LAS,LAX,75,236,113.28
WN,1397,LAS,LAX,75,236,169.92
WN,1451,LAS,LAX,85,236,113.28
WN,1855,LAS,LAX,80,236,176.21
WN,4028,LAS,LAX,75,236,81.81
WN,419,LAS,SEA,165,867,393.04
WN,856,LAS,SEA,155,867,323.68
WN,1579,LAS,SEA,160,867,485.52
WN,275,LAS,SFO,95,414,165.6
WN,1351,LAS,SFO,95,414,198.72
WN,2001,LAS,SFO,105,414,121.44
WN,2003,LAS,SFO,95,414,264.96
WN,2162,LAS,SFO,105,414,331.2
WN,2204,LAS,SFO,100,414,198.72
WN,346,LAX,LAS,75,236,138.45
WN,482,LAX,LAS,75,236,119.57
WN,577,LAX,LAS,70,236,62.93
WN,693,LAX,LAS,65,236,50.35
WN,715,LAX,LAS,60,236,138.45
WN,840,LAX,LAS,70,236,113.28
WN,1037,LAX,LAS,85,236,188.8
WN,1881,LAX,LAS,80,236,106.99
WN,2160,LAX,LAS,70,236,157.33
WN,2282,LAX,LAS,70,236,50.35
WN,138,LAX,SFO,100,337,62.91
WN,140,LAX,SFO,90,337,44.93
WN,434,LAX,SFO,100,337,197.71
WN,436,LAX,SFO,95,337,134.8
WN,438,LAX,SFO,90,337,170.75
WN,1418,LAX,SFO,90,337,260.61
WN,1420,LAX,SFO,90,337,71.89
WN,1422,LAX,SFO,85,337,71.89
WN,2212,LAX,SFO,85,337,269.6
WN,576,SEA,LAS,160,867,670.48
WN,977,SEA,LAS,145,867,416.16
WN,1862,SEA,LAS,150,867,161.84
WN,806,SFO,LAS,95,414,320.16
WN,848,SFO,LAS,105,414,110.4
WN,1875,SFO,LAS,95,414,331.2
WN,2002,SFO,LAS,85,414,187.68
WN,2006,SFO,LAS,95,414,276.0
WN,2263,SFO,LAS,100,414,110.4
WN,137,SFO,LAX,95,337,152.77
WN,139,SFO,LAX,90,337,197.71
WN,433,SFO,LAX,90,337,197.71
WN,435,SFO,LAX,100,337,152.77
WN,437,SFO,LAX,90,337,170.75
WN,439,SFO,LAX,90,337,44.93
WN,1417,SFO,LAX,95,337,179.73
WN,1419,SFO,LAX,90,337,215.68
WN,1421,SFO,LAX,90,337,71.89
WN,4756,LAS,LAX,75,236,44.05
WN,4775,LAX,LAS,70,236,157.33
WN,143,LAS,LAX,75,236,75.52
WN,1629,LAS,LAX,75,236,176.21
WN,1844,LAS,LAX,75,236,50.35
WN,1909,LAS,LAX,75,236,37.76
WN,1920,LAS,LAX,75,236,144.75
WN,4099,LAS,LAX,75,236,50.35
WN,4814,LAS,LAX,80,236,151.04
WN,5424,LAS,LAX,75,236,119.57
WN,5488,LAS,LAX,80,236,81.81
WN,2592,LAS,SEA,165,867,208.08
WN,4594,LAS,SEA,160,867,485.52
WN,1822,LAS,SFO,100,414,209.76
WN,3556,LAS,SFO,95,414,176.64
WN,3654,LAS,SFO,95,414,309.12
WN,4597,LAS,SFO,95,414,187.68
WN,5336,LAS,SFO,100,414,264.96
WN,5467,LAS,SFO,100,414,231.84
WN,1789,LAX,LAS,70,236,132.16
WN,2981,LAX,LAS,75,236,94.4
WN,3069,LAX,LAS,70,236,138.45
WN,3393,LAX,LAS,75,236,113.28
WN,3975,LAX,LAS,75,236,163.63
WN,4135,LAX,LAS,65,236,62.93
WN,4237,LAX,LAS,70,236,113.28
WN,4920,LAX,LAS,70,236,81.81
WN,5322,LAX,LAS,70,236,125.87
WN,3456,LAX,SFO,95,337,62.91
WN,3457,LAX,SFO,95,337,215.68
WN,3459,LAX,SFO,90,337,206.69
WN,4674,LAX,SFO,95,337,170.75
WN,4678,LAX,SFO,85,337,89.87
WN,5476,LAX,SFO,90,337,269.6
WN,2802,SEA,LAS,145,867,393.04
WN,4661,SEA,LAS,140,867,508.64
WN,2566,SFO,LAS,90,414,165.6
WN,2871,SFO,LAS,95,414,55.2
WN,4057,SFO,LAS,90,414,331.2
WN,4663,SFO,LAS,100,414,77.28
WN,4695,SFO,LAS,95,414,121.44
WN,4730,SFO,LAS,90,414,264.96
WN,3461,SFO,LAX,90,337,98.85
WN,3693,SFO,LAX,90,337,242.64
WN,3839,SFO,LAX,90,337,251.63
WN,4682,SFO,LAX,90,337,107.84
WN,5475,SFO,LAX,90,337,242.64
WN,5479,SFO,LAX,90,337,71.89
AA,465,LAS,DFW,166,1055,534.53
AA,490,ORD,DFW,148,801,427.2
AA,495,ORD,SFO,289,1846,1329.12
AA,501,LAS,LAX,81,236,106.99
AA,504,LAS,LAX,78,236,157.33
AA,514,CLT,DFW,189,936,299.52
AA,574,DFW,LAX,203,1235,823.33
AA,616,LAX,LAS,74,236,100.69
AA,1734,DFW,ORD,143,801,213.6
AA,1759,DFW,SEA,262,1660,708.27
AA,1761,DFW,LAS,176,1055,703.33
AA,1771,DFW,LAS,174,1055,562.67
AA,1780,LAS,DFW,163,1055,590.8
AA,1853,DFW,BOS,218,1562,541.49
AA,1884,BOS,LAX,411,2611,626.64
AA,1908,DFW,MIA,169,1121,418.51
AA,2522,JFK,SEA,391,2422,1679.25
AA,2524,MIA,DFW,188,1121,179.36
AA,901,DFW,BOS,213,1562,333.23
AA,969,JFK,LAS,360,2248,1378.77
AA,972,BOS,MIA,225,1258,603.84
AA,1004,SFO,DFW,201,1464,585.6
AA,1021,ORD,LAX,275,1744,1069.65
AA,1029,LAX,ORD,246,1744,1302.19
AA,1034,MIA,DFW,189,1121,567.97
AA,1042,DFW,MIA,161,1121,478.29
AA,1045,ORD,SEA,285,1721,1193.23
AA,1047,JFK,MIA,197,1089,232.32
AA,1053,LAX,MIA,293,2342,874.35
AA,1054,MIA,BOS,189,1258,436.11
AA,1061,MIA,LAX,351,2342,1811.15
AA,1063,MIA,ORD,198,1197,542.64
AA,1069,MIA,DFW,202,1121,747.33
AA,1074,MIA,BOS,195,1258,972.85
AA,1079,DFW,ORD,146,801,170.88
AA,1080,DFW,LAX,207,1235,922.13
AA,1085,DFW,LAX,211,1235,955.07
AA,1094,BOS,DFW,272,1562,416.53
AA,1099,BOS,MIA,223,1258,670.93
AA,1106,DFW,ORD,141,801,213.6
AA,1115,DFW,LAX,206,1235,658.67
AA,1116,SFO,MIA,331,2585,827.2
AA,1120,MIA,DFW,204,1121,597.87
AA,1140,BOS,JFK,78,187,74.8
AA,1142,MIA,JFK,174,1089,842.16
AA,1143,DFW,SEA,268,1660,619.73
AA,1148,BOS,DFW,280,1562,624.8
AA,1159,MIA,ORD,211,1197,446.88
AA,1161,BOS,LAX,402,2611,1044.4
AA,1163,ORD,LAX,285,1744,372.05
AA,1170,MIA,BOS,191,1258,167.73
AA,1175,DFW,SFO,234,1464,429.44
AA,1193,ORD,MIA,179,1197,893.76
AA,1198,SFO,DFW,212,1464,507.52
AA,1199,MIA,JFK,179,1089,406.56
AA,1201,BOS,MIA,225,1258,503.2
AA,1203,DFW,LAS,176,1055,590.8
AA,1208,ORD,LAX,285,1744,325.55
AA,1212,MIA,DFW,193,1121,837.01
AA,1213,ORD,SEA,284,1721,413.04
AA,1219,DFW,MIA,163,1121,837.01
AA,1226,MIA,DFW,195,1121,418.51
AA,1228,MIA,LAX,356,2342,1873.6
AA,1230,SFO,DFW,204,1464,897.92
AA,1239,BOS,ORD,181,867,416.16
AA,1241,DFW,SEA,278,1660,796.8
AA,1251,ORD,BOS,134,867,485.52
AA,1258,DFW,ORD,140,801,363.12
AA,1259,BOS,MIA,235,1258,402.56
AA,1260,DFW,SFO,230,1464,1132.16
AA,1268,LAX,MIA,303,2342,874.35
AA,1274,DFW,JFK,209,1391,1112.8
AA,1276,DFW,MIA,165,1121,448.4
AA,1277,MIA,ORD,205,1197,638.4
AA,1278,JFK,BOS,69,187,44.88
AA,1287,BOS,ORD,176,867,554.88
AA,1290,MIA,LAX,361,2342,1186.61
AA,1294,DFW,ORD,134,801,341.76
AA,1297,LAX,MIA,290,2342,1186.61
AA,1308,ORD,MIA,194,1197,159.6
AA,1314,LAX,MIA,295,2342,1623.79
AA,1315,DFW,SEA,269,1660,708.27
AA,1318,DFW,SEA,278,1660,442.67
AA,1319,SEA,DFW,237,1660,1106.67
AA,1335,JFK,LAS,362,2248,1738.45
AA,1352,ORD,LAX,282,1744,697.6
AA,1356,LAX,MIA,289,2342,1811.15
AA,1357,JFK,MIA,199,1089,435.6
AA,1360,ORD,BOS,134,867,161.84
AA,1366,LAS,LAX,82,236,94.4
AA,2240,DFW,SEA,268,1660,708.27
AA,2242,DFW,JFK,205,1391,1001.52
AA,2244,ORD,DFW,152,801,170.88
AA,2248,DFW,SFO,243,1464,1054.08
AA,2249,LAS,LAX,76,236,69.23
AA,2253,BOS,ORD,194,867,277.44
AA,2254,LAX,DFW,182,1235,494.0
AA,2255,MIA,DFW,194,1121,418.51
AA,2258,LAS,ORD,217,1514,403.73
AA,2264,ORD,BOS,141,867,323.68
AA,2268,JFK,MIA,199,1089,609.84
AA,2280,MIA,SFO,385,2585,1930.13
AA,2283,MIA,LAX,347,2342,1873.6
AA,2286,JFK,SEA,393,2422,710.45
AA,2289,MIA,LAX,357,2342,312.27
AA,2292,DFW,JFK,213,1391,296.75
AA,2300,ORD,DFW,149,801,256.32
AA,2303,MIA,ORD,209,1197,766.08
AA,2305,JFK,SFO,409,2586,1034.4
AA,2307,LAS,LAX,75,236,144.75
AA,2313,LAS,ORD,220,1514,201.87
AA,2318,DFW,LAX,192,1235,988.0
AA,2322,SEA,DFW,233,1660,752.53
AA,2336,BOS,MIA,226,1258,838.67
AA,2341,MIA,LAS,329,2174,521.76
WN,5631,LAX,LAS,60,236,119.57
WN,459,LAS,LAX,75,236,188.8
WN,1441,LAS,LAX,85,236,125.87
WN,1516,LAS,LAX,80,236,119.57
WN,1601,LAS,LAX,75,236,182.51
WN,1826,LAS,LAX,75,236,56.64
WN,1831,LAS,LAX,75,236,31.47
WN,1817,LAS,SEA,165,867,624.24
WN,2,LAS,SFO,100,414,187.68
WN,686,LAS,SFO,95,414,66.24
WN,1639,LAS,SFO,100,414,66.24
WN,1691,LAS,SFO,95,414,209.76
WN,766,LAX,LAS,65,236,44.05
WN,796,LAX,LAS,75,236,138.45
WN,1101,LAX,LAS,70,236,182.51
WN,1546,LAX,LAS,70,236,138.45
WN,1688,LAX,LAS,70,236,144.75
WN,1816,LAX,LAS,65,236,132.16
WN,6521,LAX,LAS,75,236,106.99
WN,824,LAX,SFO,85,337,251.63
WN,826,LAX,SFO,95,337,44.93
WN,833,LAX,SFO,90,337,233.65
WN,1572,LAX,SFO,95,337,107.84
WN,1574,LAX,SFO,90,337,62.91
WN,1576,LAX,SFO,85,337,170.75
WN,792,SEA,LAS,145,867,369.92
WN,4,SFO,LAS,105,414,99.36
WN,1357,SFO,LAS,90,414,198.72
WN,1436,SFO,LAS,100,414,88.32
WN,1640,SFO,LAS,95,414,209.76
WN,825,SFO,LAX,90,337,107.84
WN,830,SFO,LAX,90,337,161.76
WN,834,SFO,LAX,90,337,233.65
WN,1571,SFO,LAX,90,337,233.65
WN,1575,SFO,LAX,90,337,152.77
WN,1978,SFO,LAX,90,337,44.93
9E,5251,PHL,RDU,90,337,215.68
9E,5367,DFW,JFK,214,1391,927.33
9E,5379,JFK,DFW,257,1391,333.84
9E,5383,DFW,JFK,210,1391,741.87
9E,5389,JFK,DFW,268,1391,333.84
9E,3311,DFW,JFK,206,1391,704.77
9E,3364,BOS,JFK,92,187,124.67
9E,3372,BOS,JFK,89,187,94.75
9E,3384,JFK,BOS,87,187,149.6
9E,3405,JFK,BOS,83,187,49.87
9E,3424,BOS,JFK,84,187,79.79
9E,3430,JFK,BOS,88,187,44.88
9E,3457,BOS,JFK,94,187,54.85
B6,177,BOS,LAS,370,2381,1777.81
B6,178,LAS,BOS,298,2381,1523.84
B6,197,BOS,SEA,393,2496,1331.2
B6,215,BOS,DFW,278,1562,1207.95
B6,224,LAX,JFK,322,2475,594.0
B6,263,JFK,SEA,391,2422,1937.6
B6,264,SEA,JFK,306,2422,1743.84
B6,287,BOS,LAX,408,2611,1044.4
B6,288,LAX,BOS,326,2611,1322.91
B6,311,BOS,ORD,183,867,624.24
B6,312,ORD,BOS,140,867,231.2
B6,317,BOS,JFK,79,187,144.61
B6,318,JFK,BOS,70,187,119.68
B6,323,JFK,LAX,395,2475,1056.0
B6,324,LAX,JFK,320,2475,1254.0
B6,333,BOS,SFO,415,2704,1081.6
B6,334,SFO,BOS,336,2704,1225.81
B6,412,ORD,BOS,139,867,508.64
B6,415,JFK,SFO,413,2586,827.52
B6,416,SFO,JFK,325,2586,1586.08
B6,423,JFK,LAX,386,2475,1980.0
B6,424,LAX,JFK,323,2475,792.0
B6,434,SFO,BOS,330,2704,1514.24
B6,464,SEA,JFK,309,2422,839.63
B6,487,BOS,LAX,406,2611,1253.28
B6,488,LAX,BOS,328,2611,1879.92
B6,498,SEA,BOS,308,2496,1331.2
B6,516,SFO,JFK,330,2586,1861.92
B6,523,JFK,LAX,386,2475,858.0
B6,524,LAX,JFK,320,2475,924.0
B6,534,SFO,BOS,329,2704,576.85
B6,597,BOS,SEA,394,2496,1664.0
B6,598,SEA,BOS,312,2496,532.48
B6,611,JFK,LAS,365,2248,659.41
B6,615,JFK,SFO,408,2586,965.44
B6,616,SFO,JFK,325,2586,344.8
B6,617,BOS,JFK,78,187,49.87
B6,618,JFK,BOS,70,187,69.81
B6,624,LAX,JFK,316,2475,1254.0
B6,633,BOS,SFO,424,2704,1802.67
B6,687,BOS,LAX,412,2611,696.27
B6,688,LAX,BOS,321,2611,626.64
B6,711,JFK,LAS,356,2248,1558.61
B6,714,DFW,BOS,210,1562,874.72
B6,717,BOS,JFK,78,187,84.77
B6,718,JFK,BOS,67,187,54.85
B6,748,LAS,JFK,293,2248,1678.51
B6,833,BOS,SFO,424,2704,360.53
B6,834,SFO,BOS,328,2704,1874.77
B6,877,BOS,LAS,378,2381,571.44
B6,878,LAS,BOS,293,2381,1650.83
B6,906,ORD,JFK,134,740,374.93
B6,915,JFK,SFO,413,2586,1586.08
B6,916,SFO,JFK,322,2586,965.44
B6,917,BOS,JFK,79,187,64.83
B6,918,JFK,BOS,81,187,44.88
B6,948,LAS,JFK,288,2248,599.47
B6,987,BOS,LAX,406,2611,1183.65
B6,988,LAX,BOS,324,2611,348.13
B6,1011,BOS,ORD,188,867,554.88
B6,1012,ORD,BOS,136,867,277.44
B6,1077,BOS,LAS,371,2381,634.93
B6,1078,LAS,BOS,298,2381,1269.87
B6,1105,JFK,ORD,168,740,473.6
B6,1106,ORD,JFK,137,740,473.6
B6,1115,BOS,DFW,276,1562,916.37
B6,1214,DFW,BOS,207,1562,666.45
B6,1217,BOS,JFK,79,187,89.76
B6,1224,LAX,JFK,314,2475,858.0
B6,1248,LAS,JFK,292,2248,419.63
B6,1318,JFK,BOS,65,187,49.87
B6,1323,JFK,LAX,399,2475,1716.0
B6,1415,JFK,SFO,412,2586,551.68
B6,1424,LAX,JFK,318,2475,858.0
B6,1516,SFO,JFK,325,2586,1448.16
B6,1517,BOS,JFK,76,187,34.91
B6,1518,JFK,BOS,71,187,124.67
B6,1523,JFK,LAX,393,2475,792.0
B6,1611,JFK,LAS,360,2248,299.73
B6,1623,JFK,LAX,393,2475,660.0
B6,1711,BOS,ORD,183,867,393.04
B6,1712,ORD,BOS,143,867,439.28
B6,1715,JFK,SFO,403,2586,827.52
B6,1723,JFK,LAX,389,2475,1386.0
B6,1823,JFK,LAX,385,2475,330.0
B6,1833,BOS,SFO,421,2704,865.28
B6,2024,LAX,JFK,322,2475,858.0
B6,11,BOS,ORD,176,867,254.32
B6,15,JFK,SFO,402,2586,965.44
B6,16,SFO,JFK,325,2586,689.6
B6,18,JFK,BOS,78,187,44.88
B6,23,JFK,LAX,384,2475,330.0
B6,24,LAX,JFK,318,2475,1188.0
B6,63,JFK,SEA,394,2422,1097.97
B6,105,JFK,ORD,178,740,592.0
B6,111,BOS,ORD,182,867,578.0
B6,112,ORD,BOS,138,867,277.44
B6,117,BOS,JFK,78,187,24.93
B6,123,JFK,LAX,390,2475,792.0
B6,124,LAX,JFK,317,2475,1518.0
B6,133,BOS,SFO,418,2704,1874.77
B6,134,SFO,BOS,328,2704,1586.35
B6,1124,LAX,JFK,321,2475,660.0
B6,2317,BOS,JFK,78,187,149.6
B6,2816,JFK,BOS,69,187,94.75
B6,2517,JFK,BOS,72,187,139.63
B6,2815,JFK,BOS,67,187,34.91
B6,2818,BOS,JFK,78,187,134.64
B6,2813,BOS,JFK,79,187,89.76
B6,2814,BOS,JFK,73,187,34.91
NK,1045,DFW,LAS,181,1055,618.93
NK,1046,LAS,DFW,157,1055,534.53
NK,1068,SEA,LAS,144,867,208.08
NK,1489,LAS,LAX,71,236,176.21
NK,1490,LAX,LAS,70,236,176.21
NK,1901,ORD,DFW,153,801,128.16
NK,1914,SEA,LAS,145,867,531.76
NK,193,LAS,SEA,168,867,624.24
NK,207,DFW,LAS,182,1055,787.73
NK,208,LAS,DFW,152,1055,787.73
NK,214,LAS,DFW,149,1055,478.27
NK,245,ORD,LAS,248,1514,605.6
NK,292,SEA,LAS,144,867,369.92
MQ,4052,BOS,JFK,82,187,79.79
MQ,3750,BOS,JFK,81,187,149.6
F9,1418,LAS,ORD,213,1514,847.84
F9,1422,ORD,MIA,193,1197,255.36
F9,1423,MIA,ORD,210,1197,383.04
F9,2078,SFO,LAS,98,414,187.68
F9,2098,LAS,SFO,103,414,143.52
F9,1421,ORD,LAS,254,1514,403.73
F9,1425,MIA,ORD,209,1197,829.92
F9,1419,ORD,LAS,254,1514,524.85
DL,1038,SFO,JFK,345,2586,965.44
DL,1135,BOS,JFK,84,187,59.84
DL,1167,ORD,SEA,279,1721,734.29
DL,1171,SEA,ORD,230,1721,229.47
DL,1182,JFK,BOS,86,187,134.64
DL,1242,BOS,LAS,369,2381,1269.87
DL,1267,BOS,JFK,90,187,49.87
DL,1274,JFK,BOS,94,187,99.73
DL,1315,JFK,SFO,425,2586,758.56
DL,1353,JFK,SFO,404,2586,482.72
DL,1359,SFO,JFK,337,2586,551.68
DL,1395,JFK,SFO,404,2586,1448.16
DL,1415,SFO,JFK,337,2586,482.72
DL,1443,SFO,JFK,323,2586,1861.92
DL,1445,SFO,JFK,330,2586,1586.08
DL,1455,SEA,SFO,134,679,253.49
DL,1466,SFO,JFK,339,2586,1103.36
DL,1473,SFO,JFK,337,2586,620.64
DL,1484,SEA,SFO,135,679,434.56
DL,1549,JFK,LAS,361,2248,899.2
DL,1553,JFK,LAS,367,2248,599.47
DL,1578,JFK,LAS,365,2248,779.31
DL,1585,LAS,JFK,294,2248,359.68
DL,1596,JFK,LAS,374,2248,839.25
DL,1620,JFK,LAS,373,2248,839.25
DL,1654,BOS,LAX,390,2611,1949.55
DL,1657,JFK,LAX,400,2475,396.0
DL,1666,JFK,LAX,390,2475,1584.0
DL,1667,LAX,BOS,339,2611,1740.67
DL,1671,SEA,SFO,132,679,325.92
DL,1687,SFO,SEA,140,679,488.88
DL,1694,LAS,JFK,292,2248,1079.04
DL,1707,BOS,LAX,395,2611,835.52
DL,1710,JFK,LAX,379,2475,990.0
DL,1722,JFK,LAX,400,2475,1716.0
DL,1762,JFK,LAX,384,2475,1122.0
DL,1764,LAX,BOS,341,2611,1183.65
DL,1800,LAS,JFK,306,2248,1738.45
DL,1815,LAS,JFK,298,2248,659.41
DL,1824,LAS,JFK,300,2248,1258.88
DL,1862,LAX,JFK,333,2475,1056.0
DL,1876,LAX,JFK,326,2475,1188.0
DL,1890,LAX,SEA,174,954,508.8
DL,1891,LAX,JFK,333,2475,858.0
DL,1906,LAX,SEA,177,954,305.28
DL,1907,LAX,JFK,317,2475,528.0
DL,1922,LAX,JFK,320,2475,1386.0
DL,1977,LAX,SEA,172,954,330.72
DL,1987,JFK,LAX,381,2475,1650.0
DL,2001,JFK,LAX,385,2475,924.0
DL,2107,SEA,LAX,153,954,356.16
DL,2137,SEA,LAX,157,954,763.2
DL,2153,SEA,LAX,160,954,305.28
DL,2218,SEA,JFK,312,2422,1162.56
DL,2240,SEA,LAX,151,954,305.28
DL,2264,LAX,SEA,166,954,178.08
DL,2279,LAX,JFK,324,2475,660.0
DL,2281,LAX,SEA,165,954,483.36
DL,2288,MIA,JFK,189,1089,261.36
DL,2295,ORD,SEA,295,1721,1147.33
DL,2315,MIA,JFK,185,1089,522.72
DL,2332,MIA,JFK,174,1089,726.0
DL,2334,MIA,JFK,175,1089,580.8
DL,2360,ORD,SEA,294,1721,1147.33
DL,2377,SEA,LAX,161,954,763.2
DL,2414,LAX,SEA,170,954,228.96
DL,2432,LAX,SEA,163,954,228.96
DL,2440,JFK,MIA,207,1089,696.96
DL,2456,JFK,MIA,207,1089,435.6
DL,2464,JFK,MIA,200,1089,319.44
DL,2465,JFK,MIA,193,1089,348.48
DL,2491,LAX,LAS,79,236,182.51
DL,2497,SFO,BOS,348,2704,1225.81
DL,2503,LAX,SFO,90,337,197.71
DL,2505,LAS,SEA,165,867,277.44
DL,2509,LAX,SFO,92,337,53.92
DL,2516,LAS,LAX,67,236,100.69
DL,2531,LAX,SFO,94,337,179.73
DL,2540,LAX,LAS,70,236,144.75
DL,2546,LAX,SFO,91,337,143.79
DL,2584,SEA,BOS,322,2496,865.28
DL,2596,BOS,SFO,422,2704,1225.81
DL,2610,BOS,SEA,404,2496,599.04
DL,2616,SEA,LAX,159,954,305.28
DL,2624,LAS,LAX,69,236,75.52
DL,2627,SEA,LAX,155,954,483.36
DL,2632,DFW,LAX,197,1235,988.0
DL,2635,LAS,LAX,73,236,100.69
DL,2639,LAX,SFO,103,337,89.87
DL,2651,LAS,LAX,70,236,31.47
DL,2658,LAX,DFW,186,1235,691.6
DL,2700,LAX,SFO,99,337,80.88
DL,2702,DFW,LAX,222,1235,263.47
DL,2705,LAX,SFO,98,337,215.68
DL,2719,LAX,SFO,91,337,134.8
DL,2754,LAS,SEA,159,867,115.6
DL,2777,SFO,LAX,97,337,107.84
DL,2783,SFO,LAX,89,337,242.64
DL,2791,LAS,SEA,170,867,115.6
DL,2809,LAS,SEA,166,867,161.84
DL,2849,LAS,SEA,167,867,624.24
DL,2943,JFK,SFO,417,2586,965.44
DL,2946,JFK,SFO,406,2586,1172.32
DL,2950,JFK,SEA,393,2422,1097.97
DL,2954,JFK,SEA,378,2422,581.28
DL,2955,JFK,SEA,392,2422,1162.56
DL,2959,JFK,SFO,411,2586,1379.2
DL,2961,JFK,SFO,411,2586,1586.08
DL,2965,SEA,JFK,320,2422,581.28
DL,2968,SEA,JFK,316,2422,1937.6
DL,40,LAX,JFK,329,2475,1188.0
DL,41,JFK,LAX,381,2475,1056.0
DL,128,SEA,LAX,159,954,356.16
DL,129,LAX,SEA,175,954,432.48
DL,305,JFK,LAX,391,2475,1122.0
DL,468,LAX,JFK,325,2475,792.0
DL,496,LAX,JFK,325,2475,1056.0
DL,671,SEA,LAS,155,867,416.16
DL,1254,LAS,BOS,293,2381,1460.35
DL,1975,JFK,LAX,405,2475,1980.0
DL,2197,LAX,JFK,326,2475,1782.0
DL,886,ORD,SEA,302,1721,550.72
DL,905,LAX,SEA,171,954,534.24
DL,1143,SEA,ORD,237,1721,917.87
DL,1664,IAD,ATL,112,534,327.52
DL,1670,IAD,ATL,126,534,256.32
DL,1374,SFO,JFK,345,2586,2068.8
DL,1352,LAS,LAX,69,236,182.51
DL,1419,SEA,SFO,136,679,506.99
DL,1582,SFO,LAX,89,337,260.61
DL,1743,SEA,LAS,156,867,485.52
DL,1982,SFO,LAX,94,337,125.81
DL,2493,BOS,ATL,181,946,681.12
DL,534,SEA,ORD,238,1721,734.29
DL,797,LAX,DFW,180,1235,428.13
DL,978,LAX,LAS,71,236,113.28
DL,990,SFO,SEA,129,679,289.71
DL,347,LAX,SFO,89,337,215.68
DL,373,ORD,SEA,275,1721,734.29
DL,396,BOS,JFK,93,187,99.73
DL,519,SEA,SFO,143,679,525.09
DL,847,BOS,JFK,87,187,104.72
DL,1934,LAX,JFK,321,2475,660.0
AS,7,JFK,SEA,390,2422,581.28
AS,12,SEA,BOS,320,2496,1331.2
AS,15,BOS,SEA,395,2496,1996.8
AS,18,SEA,JFK,315,2422,516.69
AS,20,SEA,ORD,230,1721,596.61
AS,21,ORD,SEA,290,1721,413.04
AS,22,SEA,ORD,245,1721,275.36
AS,23,ORD,SEA,285,1721,1193.23
AS,24,SEA,BOS,310,2496,1464.32
AS,29,ORD,SEA,285,1721,367.15
AS,31,JFK,LAX,390,2475,396.0
AS,34,SEA,ORD,245,1721,917.87
AS,51,ORD,SEA,290,1721,229.47
AS,56,SEA,ORD,245,1721,917.87
AS,57,JFK,LAX,390,2475,660.0
AS,63,JFK,SFO,405,2586,1999.84
AS,72,LAX,JFK,320,2475,1320.0
AS,94,LAX,JFK,315,2475,924.0
AS,102,SFO,JFK,330,2586,413.76
AS,141,LAS,SEA,160,867,254.32
AS,304,SEA,SFO,135,679,90.53
AS,315,SEA,LAX,170,954,737.76
AS,324,SEA,SFO,130,679,434.56
AS,348,SFO,BOS,335,2704,1225.81
AS,349,JFK,SEA,390,2422,775.04
AS,368,SEA,SFO,130,679,253.49
AS,372,SEA,SFO,125,679,362.13
AS,381,BOS,SFO,425,2704,2163.2
AS,393,SFO,SEA,135,679,162.96
AS,395,SFO,SEA,130,679,289.71
AS,401,LAS,SEA,160,867,531.76
AS,426,SEA,JFK,315,2422,775.04
AS,438,SEA,SFO,135,679,470.77
AS,439,LAX,SEA,170,954,737.76
AS,442,SEA,LAX,170,954,534.24
AS,464,SEA,LAX,160,954,432.48
AS,465,LAX,SEA,175,954,763.2
AS,466,SEA,LAX,170,954,279.84
AS,467,LAX,SEA,170,954,610.56
AS,491,LAX,SEA,170,954,636.0
AS,497,LAX,SEA,170,954,432.48
AS,600,SEA,LAS,145,867,554.88
AS,605,LAS,SEA,160,867,416.16
AS,608,SEA,LAS,144,867,624.24
AS,611,LAS,SEA,155,867,554.88
AS,612,SEA,LAS,150,867,161.84
AS,616,SEA,LAS,145,867,208.08
AS,617,LAX,SEA,170,954,686.88
AS,619,LAS,SEA,160,867,231.2
AS,623,JFK,SEA,390,2422,387.52
AS,628,SEA,JFK,320,2422,1356.32
AS,642,SEA,DFW,230,1660,1239.47
AS,651,DFW,SEA,260,1660,1062.4
AS,658,SEA,DFW,225,1660,1106.67
AS,667,DFW,SEA,265,1660,575.47
AS,675,LAS,SEA,155,867,416.16
AS,688,SEA,LAS,145,867,208.08
AS,708,SEA,LAS,145,867,346.8
AS,712,SFO,LAS,95,414,242.88
AS,714,SFO,LAS,85,414,88.32
AS,737,BOS,SEA,400,2496,1198.08
AS,923,LAS,SFO,90,414,220.8
AS,954,SFO,LAS,95,414,110.4
AS,955,LAS,SEA,155,867,184.96
AS,973,LAS,SEA,165,867,485.52
AS,1011,JFK,SFO,400,2586,1034.4
AS,1023,JFK,SFO,400,2586,827.52
AS,1024,SFO,JFK,330,2586,1930.88
AS,1025,JFK,SFO,400,2586,1517.12
AS,1026,SFO,JFK,330,2586,896.48
AS,1034,SFO,JFK,335,2586,344.8
AS,1040,SFO,LAX,90,337,269.6
AS,1056,SEA,LAX,160,954,356.16
AS,1074,SEA,SFO,130,679,181.07
AS,1078,SEA,LAX,160,954,152.64
AS,1081,SFO,SEA,130,679,362.13
AS,1082,SEA,SFO,125,679,199.17
AS,1086,SEA,SFO,125,679,253.49
AS,1096,SEA,LAX,160,954,636.0
AS,1109,SFO,SEA,130,679,126.75
AS,1123,SFO,SEA,130,679,362.13
AS,1130,SEA,LAX,159,954,712.32
AS,1158,SEA,LAX,165,954,305.28
AS,1202,SFO,ORD,260,1846,1427.57
AS,1203,ORD,SFO,300,1846,1230.67
AS,1232,LAX,ORD,250,1744,1116.16
AS,1241,ORD,LAX,285,1744,976.64
AS,1259,SFO,SEA,130,679,506.99
AS,1300,SEA,SFO,122,679,416.45
AS,1305,SEA,SFO,130,679,253.49
AS,1352,SFO,BOS,340,2704,721.07
AS,1357,BOS,SFO,420,2704,1874.77
AS,1360,LAX,BOS,330,2611,1253.28
AS,1369,BOS,LAX,405,2611,1671.04
AS,1371,SFO,SEA,130,679,506.99
AS,1373,SFO,SEA,130,679,181.07
AS,1375,SFO,SEA,130,679,452.67
AS,1379,SFO,SEA,130,679,506.99
AS,1385,SFO,SEA,130,679,543.2
AS,1399,JFK,LAX,385,2475,1320.0
AS,1406,LAX,JFK,325,2475,792.0
AS,1409,JFK,LAX,385,2475,1122.0
AS,1412,LAX,JFK,325,2475,1848.0
AS,1413,JFK,LAX,390,2475,726.0
AS,1416,LAX,JFK,315,2475,1848.0
AS,1424,SEA,LAX,160,954,457.92
AS,1444,SEA,LAX,160,954,483.36
AS,1469,LAS,LAX,75,236,100.69
AS,1473,LAS,LAX,80,236,56.64
AS,1475,LAS,LAX,80,236,69.23
AS,1478,LAS,SEA,165,867,184.96
AS,1480,LAX,LAS,70,236,176.21
AS,1484,LAX,LAS,75,236,69.23
AS,1486,LAX,LAS,75,236,157.33
AS,1488,LAX,LAS,70,236,37.76
AS,1490,LAX,LAS,70,236,100.69
AS,1491,LAS,LAX,80,236,182.51
AS,1493,LAS,LAX,80,236,163.63
AS,1626,SEA,LAS,145,867,508.64
AS,1630,SEA,LAS,145,867,578.0
AS,1688,SEA,LAS,145,867,554.88
AS,1749,SEA,SFO,130,679,506.99
AS,1755,SEA,SFO,125,679,434.56
AS,1777,LAX,SEA,170,954,610.56
AS,1779,LAX,SEA,170,954,407.04
AS,1781,LAX,SEA,170,954,407.04
AS,1786,SEA,LAX,165,954,763.2
AS,1787,LAX,SEA,170,954,636.0
AS,1789,LAX,SEA,170,954,305.28
AS,1792,SFO,SEA,130,679,181.07
AS,1890,SFO,LAX,90,337,98.85
AS,1891,SFO,LAS,95,414,309.12
AS,1897,LAS,SFO,95,414,276.0
AS,1899,LAX,SFO,85,337,134.8
AS,1902,SFO,LAS,95,414,198.72
AS,1903,LAS,SFO,100,414,264.96
AS,1905,LAS,SFO,100,414,253.92
AS,1907,LAS,SFO,100,414,66.24
AS,1908,SFO,LAS,90,414,309.12
AS,1909,LAS,SFO,100,414,309.12
AS,1910,SFO,LAS,90,414,143.52
AS,1911,LAS,SFO,100,414,309.12
AS,1917,LAS,SFO,100,414,121.44
AS,1920,SFO,LAS,90,414,88.32
AS,1922,SFO,LAX,90,337,134.8
AS,1923,LAX,SFO,85,337,125.81
AS,1924,LAX,SEA,170,954,152.64
AS,1925,LAX,SFO,85,337,260.61
AS,1926,SFO,LAX,90,337,134.8
AS,1927,LAX,SFO,85,337,53.92
AS,1928,SFO,LAX,85,337,134.8
AS,1929,LAX,SFO,85,337,260.61
AS,1932,SFO,LAX,85,337,98.85
AS,1933,LAX,SFO,85,337,125.81
AS,1935,LAX,SFO,85,337,53.92
AS,1936,SFO,LAX,85,337,107.84
AS,1938,SFO,LAX,85,337,260.61
AS,1943,LAX,SFO,85,337,116.83
AS,1945,LAX,SFO,85,337,269.6
AS,1946,SFO,LAX,90,337,251.63
AS,1949,LAX,SFO,85,337,179.73
AS,1972,SFO,LAX,90,337,233.65
AS,310,SFO,LAS,90,414,99.36
AS,367,LAS,SFO,100,414,121.44
AS,444,SEA,LAX,160,954,585.12
AS,445,LAX,SEA,170,954,254.4
AS,710,SFO,LAS,95,414,298.08
AS,935,LAS,SFO,95,414,276.0
AS,1487,LAX,SEA,170,954,661.44
AS,1896,SFO,LAS,95,414,99.36
AS,1901,LAS,SFO,100,414,165.6
AS,1934,SEA,SFO,125,679,199.17
AS,384,SEA,SFO,135,679,90.53
AS,387,SFO,SEA,130,679,452.67
AS,388,SEA,SFO,130,679,434.56
AS,391,SFO,SEA,135,679,488.88
AS,404,SEA,LAX,165,954,178.08
AS,424,SEA,LAX,165,954,152.64
AS,457,LAX,SEA,175,954,636.0
AS,477,LAX,SEA,180,954,178.08
AS,660,SEA,DFW,225,1660,354.13
AS,723,DFW,SEA,270,1660,398.4
AS,1633,LAS,SEA,165,867,161.84
AS,1751,SEA,SFO,130,679,506.99
AS,1930,SFO,LAS,90,414,231.84
AS,1931,LAS,SFO,100,414,309.12
AS,428,SEA,LAX,160,954,178.08
AS,535,PSP,PDX,145,873,372.48
AS,313,SFO,SEA,135,679,344.03
AS,318,SEA,SFO,135,679,126.75
AS,403,LAX,SEA,180,954,178.08
AS,604,SEA,LAS,144,867,624.24
AS,995,LAS,SEA,160,867,416.16
AS,1076,SEA,SFO,130,679,307.81
AS,1310,SEA,LAX,165,954,559.68
AS,1485,LAX,SEA,175,954,559.68
AS,1785,LAX,SEA,175,954,559.68
AS,1944,LAX,SEA,175,954,483.36
OO,3542,LAX,LAS,75,236,62.93
OO,3590,ORD,JFK,140,740,315.73
OO,3593,JFK,ORD,185,740,414.4
OO,3595,ORD,JFK,149,740,296.0
OO,3604,JFK,ORD,173,740,532.8
OO,3613,LAS,LAX,79,236,144.75
OO,3910,DFW,JFK,208,1391,1001.52
OO,3913,JFK,DFW,264,1391,333.84
OO,4040,BOS,JFK,93,187,119.68
OO,4043,JFK,BOS,77,187,149.6
OO,4048,BOS,JFK,86,187,114.69
OO,4101,JFK,BOS,87,187,124.67
OO,5178,LAX,DFW,201,1235,296.4
OO,5191,SEA,LAX,175,954,127.2
OO,5202,LAX,SFO,100,337,170.75
OO,5205,DFW,LAX,225,1235,988.0
OO,5228,LAX,SFO,94,337,215.68
OO,5268,DFW,SFO,255,1464,351.36
OO,5380,SFO,SEA,140,679,289.71
OO,5384,SEA,LAX,178,954,636.0
OO,5407,SEA,SFO,139,679,362.13
OO,5466,SFO,LAX,112,337,188.72
OO,5472,SFO,DFW,219,1464,741.76
OO,5475,LAX,SEA,194,954,737.76
OO,5483,DFW,SFO,251,1464,1132.16
OO,5573,SFO,DFW,219,1464,1093.12
OO,5608,LAX,SEA,191,954,279.84
OO,5609,LAX,DFW,185,1235,362.27
OO,5613,LAX,SFO,94,337,62.91
OO,5614,LAX,DFW,199,1235,955.07
OO,5617,DFW,ORD,140,801,341.76
OO,5619,LAX,SFO,94,337,179.73
OO,5645,LAX,SFO,94,337,53.92
OO,5682,SFO,DFW,219,1464,1015.04
OO,5736,DFW,LAX,241,1235,658.67
OO,5739,DFW,LAX,222,1235,197.6
OO,3376,SEA,SFO,130,679,488.88
OO,3414,SFO,LAS,95,414,176.64
OO,3415,LAS,SEA,160,867,601.12
OO,3416,SFO,LAS,90,414,331.2
OO,3429,LAS,SFO,95,414,287.04
OO,5278,LAX,LAS,74,236,81.81
OO,5282,LAX,SFO,94,337,197.71
OO,5322,LAS,LAX,93,236,119.57
OO,5335,ORD,DFW,167,801,192.24
OO,5374,SFO,LAX,112,337,233.65
OO,5375,SFO,LAX,99,337,71.89
OO,5385,SFO,LAX,99,337,53.92
OO,5435,DFW,ORD,141,801,106.8
OO,5458,LAX,SFO,94,337,161.76
OO,5507,SFO,LAX,99,337,251.63
OO,5540,LAX,SFO,102,337,188.72
OO,5661,SEA,SFO,136,679,325.92
OO,5679,SFO,LAX,103,337,53.92
OO,5740,SFO,SEA,140,679,525.09
OO,5819,LAX,SFO,100,337,143.79
OO,5994,DFW,SFO,255,1464,1015.04
OO,3534,JFK,BOS,83,187,89.76
OO,3905,BOS,JFK,88,187,114.69
OO,3916,BOS,JFK,81,187,109.71
OO,5329,LAX,SFO,94,337,80.88
OO,3584,DFW,JFK,215,1391,741.87
OO,3612,LAX,LAS,75,236,56.64
OO,5386,LAX,DFW,189,1235,164.67
OO,2978,YUM,PHX,58,160,29.87
OO,3485,LAS,SFO,90,414,276.0
UA,1647,LAS,SFO,101,414,143.52
UA,1643,LAS,SFO,108,414,143.52
UA,1598,BOS,ORD,168,867,647.36
UA,1564,BOS,ORD,169,867,554.88
UA,1524,DFW,ORD,143,801,598.08
UA,1496,LAX,SFO,95,337,107.84
UA,1464,MIA,ORD,208,1197,893.76
UA,1406,SFO,LAS,90,414,88.32
UA,1294,LAX,SFO,93,337,233.65
UA,1268,LAX,ORD,234,1744,279.04
UA,1251,BOS,ORD,175,867,254.32
UA,1248,SFO,LAX,94,337,188.72
UA,1240,ORD,SFO,282,1846,1329.12
UA,1226,ORD,DFW,150,801,320.4
UA,1223,SFO,LAS,94,414,187.68
UA,1213,ORD,SFO,278,1846,738.4
UA,1203,LAX,SFO,93,337,206.69
UA,1186,ORD,LAX,280,1744,1209.17
UA,1029,LAS,ORD,203,1514,282.61
UA,1003,SFO,SEA,132,679,126.75
UA,995,SFO,ORD,239,1846,393.81
UA,992,ORD,BOS,130,867,554.88
UA,971,SEA,SFO,132,679,289.71
UA,943,SFO,LAS,94,414,66.24
UA,913,ORD,BOS,135,867,346.8
UA,834,LAS,SFO,107,414,276.0
UA,824,LAX,BOS,321,2611,1671.04
UA,816,SEA,SFO,127,679,416.45
UA,794,SFO,ORD,258,1846,886.08
UA,790,ORD,BOS,134,867,369.92
UA,782,ORD,DFW,155,801,320.4
UA,775,BOS,ORD,171,867,439.28
UA,771,ORD,DFW,156,801,512.64
UA,768,SFO,BOS,330,2704,1946.88
UA,761,ORD,SFO,276,1846,935.31
UA,759,SFO,SEA,135,679,126.75
UA,743,ORD,SFO,278,1846,590.72
UA,729,DFW,ORD,137,801,534.0
UA,728,LAS,SFO,94,414,143.52
UA,717,BOS,LAX,401,2611,974.77
UA,713,DFW,ORD,145,801,640.8
UA,708,LAX,SFO,95,337,125.81
UA,698,SEA,SFO,133,679,253.49
UA,681,SFO,LAS,88,414,143.52
UA,680,SFO,ORD,246,1846,1427.57
UA,670,ORD,BOS,132,867,531.76
UA,661,LAX,ORD,240,1744,1116.16
UA,660,LAX,ORD,234,1744,279.04
UA,653,SFO,LAX,97,337,89.87
UA,639,SFO,ORD,251,1846,836.85
UA,635,ORD,SEA,278,1721,780.19
UA,624,SFO,ORD,249,1846,1476.8
UA,619,SEA,ORD,224,1721,642.51
UA,616,SFO,ORD,254,1846,935.31
UA,614,DFW,ORD,141,801,213.6
UA,613,LAX,ORD,250,1744,325.55
UA,599,BOS,ORD,177,867,277.44
UA,597,LAS,ORD,210,1514,201.87
UA,592,ORD,LAX,265,1744,1302.19
UA,587,SEA,SFO,127,679,344.03
UA,583,MIA,SFO,392,2585,1792.27
UA,578,DFW,ORD,140,801,491.28
UA,566,ORD,LAX,278,1744,372.05
UA,541,ORD,LAS,240,1514,968.96
UA,531,LAX,LAS,74,236,144.75
UA,519,ORD,LAS,240,1514,847.84
UA,504,SFO,LAX,107,337,260.61
UA,501,LAX,SFO,97,337,80.88
UA,499,ORD,SFO,286,1846,689.17
UA,492,SFO,LAS,90,414,165.6
UA,481,LAX,SFO,89,337,215.68
UA,477,BOS,SFO,413,2704,2091.09
UA,460,LAX,SFO,89,337,152.77
UA,451,LAS,SFO,96,414,66.24
UA,449,BOS,ORD,171,867,254.32
UA,447,LAX,SFO,91,337,53.92
UA,444,LAS,LAX,90,236,144.75
UA,439,BOS,ORD,177,867,439.28
UA,433,SFO,LAX,94,337,143.79
UA,432,LAS,ORD,205,1514,363.36
UA,420,LAX,SFO,90,337,251.63
UA,398,LAX,SFO,86,337,269.6
UA,394,SFO,LAS,88,414,121.44
UA,390,SFO,ORD,233,1846,443.04
UA,369,ORD,LAX,276,1744,930.13
UA,358,SFO,LAS,90,414,231.84
UA,351,BOS,SFO,408,2704,1730.56
UA,342,ORD,BOS,130,867,184.96
UA,330,MIA,ORD,202,1197,255.36
UA,324,LAS,LAX,90,236,176.21
UA,310,ORD,LAX,274,1744,418.56
UA,301,ORD,BOS,135,867,485.52
UA,278,SEA,ORD,234,1721,734.29
UA,277,SFO,SEA,133,679,144.85
UA,269,LAX,ORD,246,1744,232.53
UA,262,ORD,SEA,278,1721,780.19
UA,257,SFO,LAX,92,337,107.84
UA,256,SFO,LAX,94,337,152.77
UA,242,SFO,BOS,330,2704,1946.88
UA,241,ORD,SEA,278,1721,1193.23
UA,229,SFO,LAX,96,337,197.71
UA,222,ORD,SFO,285,1846,492.27
UA,215,SFO,LAX,94,337,62.91
UA,213,SEA,SFO,133,679,344.03
UA,212,ORD,MIA,182,1197,798.0
UA,207,BOS,SFO,408,2704,1730.56
UA,204,ORD,LAX,277,1744,418.56
UA,2402,LAX,BOS,321,2611,2088.8
UA,2400,BOS,SFO,408,2704,2018.99
UA,2398,SEA,SFO,128,679,144.85
UA,2396,SFO,BOS,330,2704,1658.45
UA,2395,ORD,LAS,236,1514,201.87
UA,2366,SFO,LAS,94,414,276.0
UA,2365,LAX,LAS,74,236,75.52
UA,2360,SFO,BOS,330,2704,1586.35
UA,2347,ORD,DFW,157,801,619.44
UA,2325,SFO,LAS,90,414,320.16
UA,2294,BOS,SFO,408,2704,2163.2
UA,2291,LAX,ORD,237,1744,418.56
UA,2290,LAX,BOS,321,2611,1253.28
UA,2287,SEA,ORD,236,1721,229.47
UA,2265,LAX,ORD,239,1744,1255.68
UA,2263,SFO,LAX,96,337,89.87
UA,488,LAS,ORD,215,1514,807.47
UA,411,ORD,LAX,276,1744,1209.17
UA,407,LAX,ORD,241,1744,651.09
UA,366,ORD,LAX,278,1744,1069.65
UA,361,LAS,SFO,100,414,320.16
UA,312,SFO,DFW,215,1464,429.44
UA,294,SEA,SFO,138,679,253.49
UA,288,LAS,SFO,98,414,320.16
UA,268,SFO,ORD,261,1846,443.04
UA,214,SEA,SFO,133,679,181.07
UA,2245,ORD,MIA,186,1197,255.36
UA,2234,SFO,ORD,250,1846,935.31
UA,2205,ORD,DFW,155,801,405.84
UA,2201,LAX,SFO,93,337,188.72
UA,2199,DFW,ORD,145,801,320.4
UA,2196,LAS,SFO,101,414,66.24
UA,2169,ORD,DFW,155,801,149.52
UA,2162,SFO,LAS,94,414,66.24
UA,2161,SFO,SEA,137,679,289.71
UA,2154,LAX,BOS,327,2611,487.39
UA,2133,ORD,LAS,248,1514,363.36
UA,2128,SFO,MIA,326,2585,1585.47
UA,2127,SFO,LAX,98,337,215.68
UA,2093,DFW,SFO,246,1464,663.68
UA,2071,LAS,SFO,101,414,242.88
UA,2048,LAX,LAS,74,236,182.51
UA,2039,LAX,ORD,252,1744,1069.65
UA,1961,SFO,ORD,261,1846,344.59
UA,1898,SEA,ORD,237,1721,229.47
UA,1897,LAX,ORD,252,1744,1348.69
UA,1891,ORD,SFO,286,1846,443.04
UA,1865,SFO,BOS,336,2704,504.75
UA,1861,LAS,LAX,93,236,144.75
UA,1836,ORD,LAX,277,1744,790.61
UA,1820,BOS,LAX,410,2611,765.89
UA,1808,LAS,LAX,94,236,151.04
UA,1757,LAS,SFO,100,414,187.68
UA,1742,ORD,SFO,285,1846,1378.35
UA,1712,ORD,SFO,294,1846,787.63
UA,1684,LAX,LAS,81,236,50.35
UA,1678,LAS,ORD,216,1514,322.99
UA,1597,SFO,LAX,102,337,269.6
UA,1549,LAX,SFO,93,337,53.92
UA,1517,LAX,LAS,73,236,144.75
UA,1420,ORD,BOS,134,867,277.44
UA,1260,LAX,LAS,81,236,113.28
UA,1195,SEA,ORD,227,1721,642.51
UA,1185,ORD,MIA,187,1197,734.16
UA,1051,SFO,SEA,136,679,452.67
UA,993,SFO,SEA,136,679,271.6
UA,810,ORD,SFO,290,1846,1033.76
UA,799,SFO,LAS,94,414,66.24
UA,733,SFO,SEA,137,679,253.49
UA,720,SEA,SFO,137,679,90.53
UA,688,SEA,SFO,137,679,325.92
UA,640,LAS,ORD,216,1514,1049.71
UA,632,LAX,SFO,93,337,215.68
UA,618,SFO,SEA,137,679,398.35
UA,584,LAS,LAX,83,236,113.28
UA,532,ORD,BOS,140,867,346.8
UA,528,LAX,ORD,240,1744,837.12
UA,525,SFO,LAX,102,337,80.88
UA,471,LAX,SFO,99,337,134.8
UA,1641,ORD,SEA,281,1721,1055.55
UA,741,ORD,SFO,293,1846,738.4
UA,512,LAX,LAS,81,236,94.4
UA,508,LAX,DFW,193,1235,526.93
UA,487,LAS,SFO,108,414,99.36
UA,1807,LAS,ORD,214,1514,686.35
UA,1800,SFO,ORD,237,1846,1230.67
UA,1745,ORD,SFO,278,1846,689.17
UA,2218,LAS,LAX,90,236,69.23
UA,2194,ORD,LAX,282,1744,1116.16
UA,2145,BOS,LAX,401,2611,1740.67
UA,2081,ORD,MIA,185,1197,702.24
UA,2035,LAX,LAS,78,236,31.47
UA,2012,LAS,ORD,215,1514,363.36
UA,1991,SFO,SEA,133,679,199.17
UA,1689,SFO,SEA,132,679,144.85
UA,270,BWI,DEN,250,1491,1073.52
UA,2061,BOS,ORD,140,867,184.96
UA,317,LAS,SFO,98,414,165.6
UA,372,SFO,LAS,94,414,231.84
UA,1084,LAX,LAS,78,236,75.52
UA,341,LAS,SFO,108,414,66.24
UA,329,LAS,ORD,203,1514,807.47
UA,450,SFO,ORD,247,1846,1230.67
UA,1723,ORD,SFO,291,1846,295.36
UA,1655,ORD,LAS,240,1514,888.21
UA,694,LAS,LAX,92,236,44.05
AA,1625,ORD,DFW,152,801,491.28
AA,1628,LAX,BOS,322,2611,696.27
AA,1644,SEA,DFW,232,1660,796.8
AA,1682,SFO,DFW,208,1464,1093.12
AA,1992,SFO,DFW,201,1464,1171.2
AA,1994,DFW,LAS,178,1055,703.33
AA,2076,DFW,SEA,275,1660,1328.0
AA,2107,LAS,LAX,84,236,94.4
AA,2201,LAX,JFK,320,2475,660.0
AA,2202,LAS,MIA,270,2174,985.55
AA,2206,DFW,MIA,161,1121,597.87
AA,2214,JFK,DFW,252,1391,964.43
AA,2215,JFK,SFO,403,2586,689.6
AA,2216,DFW,LAS,177,1055,168.8
AA,2220,ORD,DFW,158,801,405.84
AA,2223,DFW,ORD,148,801,256.32
AA,2224,DFW,SEA,268,1660,752.53
AA,2226,DFW,SEA,277,1660,575.47
AA,2234,JFK,DFW,256,1391,519.31
AA,2237,LAX,MIA,292,2342,1124.16
AA,2239,DFW,MIA,164,1121,567.97
AA,382,LAX,BOS,326,2611,1253.28
AA,383,MIA,SFO,381,2585,965.07
AA,384,MIA,LAX,344,2342,499.63
AA,390,SFO,DFW,213,1464,507.52
AA,409,LAX,DFW,182,1235,395.2
AA,446,DFW,SFO,233,1464,663.68
AA,453,DFW,LAS,174,1055,478.27
9E,5050,BOS,JFK,85,187,139.63
9E,5055,BOS,JFK,82,187,109.71
9E,5026,JFK,BOS,93,187,149.6
9E,5033,JFK,BOS,85,187,49.87
9E,5034,JFK,BOS,75,187,49.87
9E,5046,BOS,JFK,84,187,59.84
9E,5401,ORD,JFK,145,740,157.87
9E,5408,JFK,ORD,179,740,118.4
9E,5413,ORD,JFK,140,740,572.27
9E,5433,JFK,ORD,182,740,217.07
9E,5482,JFK,BOS,80,187,69.81
B6,2118,JFK,BOS,73,187,59.84
B6,2918,JFK,BOS,84,187,124.67
B6,118,JFK,BOS,70,187,29.92
B6,223,JFK,LAX,395,2475,1320.0
B6,518,JFK,BOS,75,187,144.61
B6,1317,BOS,JFK,77,187,84.77
B6,1917,BOS,JFK,72,187,29.92
B6,417,BOS,JFK,79,187,109.71
B6,1918,JFK,BOS,67,187,94.75
NK,356,LAS,ORD,220,1514,686.35
NK,357,ORD,LAS,248,1514,1049.71
NK,375,LAS,SEA,162,867,346.8
NK,446,LAS,ORD,217,1514,807.47
NK,456,LAS,ORD,217,1514,1009.33
NK,457,ORD,LAS,249,1514,928.59
NK,469,DFW,LAS,178,1055,422.0
NK,470,LAS,DFW,157,1055,647.07
NK,561,LAS,LAX,73,236,176.21
NK,562,LAX,LAS,67,236,138.45
NK,622,LAS,SEA,166,867,300.56
NK,640,LAS,BOS,300,2381,571.44
NK,641,BOS,LAS,374,2381,1015.89
NK,671,LAS,LAX,71,236,31.47
NK,719,LAS,LAX,76,236,81.81
NK,720,LAX,LAS,68,236,132.16
NK,730,LAX,ORD,253,1744,1023.15
NK,731,ORD,LAX,282,1744,558.08
NK,736,LAX,ORD,247,1744,1116.16
NK,737,ORD,LAX,283,1744,744.11
NK,797,BOS,TPA,212,1185,916.4
NK,817,DFW,LAS,178,1055,393.87
NK,866,LAX,DFW,184,1235,988.0
NK,867,DFW,LAX,207,1235,724.53
NK,868,LAX,DFW,178,1235,230.53
NK,869,DFW,LAX,210,1235,691.6
NK,896,LAS,SEA,166,867,554.88
NK,903,ORD,DFW,154,801,213.6
NK,940,DFW,ORD,143,801,555.36
YX,3554,ORD,DFW,159,801,299.04
YX,3547,DFW,ORD,141,801,234.96
YX,3608,ORD,DFW,167,801,106.8
YX,3540,ORD,DFW,166,801,512.64
EV,4090,MEM,IAH,116,468,212.16
DL,564,SEA,LAS,157,867,624.24
DL,854,JFK,BOS,90,187,124.67
DL,879,BOS,JFK,86,187,129.65
AS,343,SFO,LAS,95,414,55.2
AS,363,LAS,SFO,100,414,110.4
AS,493,LAX,SEA,175,954,559.68
AS,913,SFO,SEA,130,679,380.24
AS,991,LAS,SFO,100,414,99.36
AS,996,SFO,LAS,90,414,99.36
AS,1234,LAX,ORD,250,1744,1348.69
AS,1757,LAX,SEA,170,954,432.48
AS,981,SEA,SFO,130,679,199.17
AS,909,SFO,SEA,135,679,307.81
AS,917,SEA,SFO,130,679,90.53
AS,1085,SFO,SEA,135,679,488.88
AS,992,SEA,SFO,130,679,217.28
AS,1083,LAS,SFO,95,414,154.56
AS,1090,SEA,LAS,149,867,254.32
OO,3903,JFK,BOS,88,187,59.84
UA,475,ORD,SFO,273,1846,984.53
UA,1726,LAX,LAS,78,236,75.52
UA,2023,ORD,BOS,145,867,231.2
UA,1138,LAS,SFO,108,414,132.48
